{"tokens": 57.156030893325806, "last_refill": 1759997147.0079408}